name	exit	start_utc	end_utc
validate_fortress_static	0	2026-10-09T08:59:51Z	2026-10-09T09:00:03Z
validate_m1_static	0	2026-10-09T09:00:03Z	2026-10-09T09:00:07Z
validate_m2_static	0	2026-10-09T09:00:07Z	2026-10-09T09:00:12Z
validate_m3_static	0	2026-10-09T09:00:12Z	2026-10-09T09:00:23Z
validate_m4_static	0	2026-10-09T09:00:23Z	2026-10-09T09:00:37Z
m61a_clearance_check_config	0	2026-10-09T09:00:37Z	2026-10-09T09:01:03Z
m6_gait_replay_dry_run	0	2026-10-09T09:01:03Z	2026-10-09T09:01:04Z
m6_live_playback_dry_run	0	2026-10-09T09:01:04Z	2026-10-09T09:01:04Z
m61a_observe_interface_only	0	2026-10-09T09:01:04Z	2026-10-09T09:01:05Z
m6_gait_replay_live_refused	3	2026-10-09T09:01:05Z	2026-10-09T09:01:05Z
m6_live_playback_live_refused	3	2026-10-09T09:01:05Z	2026-10-09T09:01:05Z
